<?xml version="1.0" encoding="UTF-8"?>

<mule xmlns:batch="http://www.mulesoft.org/schema/mule/batch" xmlns:metadata="http://www.mulesoft.org/schema/mule/metadata" xmlns:scripting="http://www.mulesoft.org/schema/mule/scripting" xmlns:sfdc-analytics="http://www.mulesoft.org/schema/mule/sfdc-analytics" xmlns:reltio="http://www.mulesoft.org/schema/mule/reltio"
	xmlns:json="http://www.mulesoft.org/schema/mule/json"
	xmlns:dw="http://www.mulesoft.org/schema/mule/ee/dw"
	xmlns:tracking="http://www.mulesoft.org/schema/mule/ee/tracking" xmlns:file="http://www.mulesoft.org/schema/mule/file"
	xmlns:db="http://www.mulesoft.org/schema/mule/db"
	xmlns:http="http://www.mulesoft.org/schema/mule/http"
	xmlns:vm="http://www.mulesoft.org/schema/mule/vm"
	xmlns:mulerequester="http://www.mulesoft.org/schema/mule/mulerequester"
	xmlns="http://www.mulesoft.org/schema/mule/core" xmlns:doc="http://www.mulesoft.org/schema/mule/documentation"
	xmlns:spring="http://www.springframework.org/schema/beans" 
	xmlns:xsi="http://www.w3.org/2001/XMLSchema-instance"
	xsi:schemaLocation="http://www.mulesoft.org/schema/mule/reltio http://www.mulesoft.org/schema/mule/reltio/current/mule-reltio.xsd
http://www.mulesoft.org/schema/mule/json http://www.mulesoft.org/schema/mule/json/current/mule-json.xsd
http://www.mulesoft.org/schema/mule/ee/dw http://www.mulesoft.org/schema/mule/ee/dw/current/dw.xsd
http://www.mulesoft.org/schema/mule/file http://www.mulesoft.org/schema/mule/file/current/mule-file.xsd
http://www.mulesoft.org/schema/mule/db http://www.mulesoft.org/schema/mule/db/current/mule-db.xsd
http://www.mulesoft.org/schema/mule/http http://www.mulesoft.org/schema/mule/http/current/mule-http.xsd
http://www.mulesoft.org/schema/mule/vm http://www.mulesoft.org/schema/mule/vm/current/mule-vm.xsd
http://www.mulesoft.org/schema/mule/mulerequester http://www.mulesoft.org/schema/mule/mulerequester/current/mule-mulerequester.xsd
http://www.springframework.org/schema/beans http://www.springframework.org/schema/beans/spring-beans-current.xsd
http://www.mulesoft.org/schema/mule/core http://www.mulesoft.org/schema/mule/core/current/mule.xsd
http://www.mulesoft.org/schema/mule/ee/tracking http://www.mulesoft.org/schema/mule/ee/tracking/current/mule-tracking-ee.xsd
http://www.mulesoft.org/schema/mule/sfdc-analytics http://www.mulesoft.org/schema/mule/sfdc-analytics/current/mule-sfdc-analytics.xsd
http://www.mulesoft.org/schema/mule/scripting http://www.mulesoft.org/schema/mule/scripting/current/mule-scripting.xsd
http://www.mulesoft.org/schema/mule/batch http://www.mulesoft.org/schema/mule/batch/current/mule-batch.xsd">
    <file:connector name="fileConnector1" doc:name="File" autoDelete="false" streaming="true" outputAppend="true" validateConnections="true"/>
    <spring:beans>
        <spring:bean id="ChunkProcessInfo" name="ChunkProcessInfo" class="wave.upload.util.ChunkProcessInfo" scope="singleton"/>
    </spring:beans>
    <asynchronous-processing-strategy name="Asynchronous_Processing_Strategy1" maxThreads="20"  poolExhaustedAction="WAIT" threadWaitTimeout="100000" doc:name="Asynchronous Processing Strategy"/>
    <queued-asynchronous-processing-strategy name="Queued_Asynchronous_Processing_Strategy1" maxThreads="3" poolExhaustedAction="WAIT" doc:name="Queued Asynchronous Processing Strategy" threadWaitTimeout="1000000"/>
    <http:listener-config name="HTTP_Listener_Configuration" host="0.0.0.0" port="8081" doc:name="HTTP Listener Configuration"/>
    <db:generic-config name="Generic_Database_Configuration" url="test.com" doc:name="Generic Database Configuration"/>

<flow name="upload-dataset1">
		<composite-source doc:name="Composite Source">
            <http:listener config-ref="HTTP_Listener_Configuration" path="/amortizedptrr/upload" doc:name="HTTP"/>
	
        </composite-source>
        <expression-component doc:name="Expression"><![CDATA[flowVars.DB_ObjectName = "ext.vx_flat_AmortizedPTRR";
flowVars.DataSetName = "vx_flat_AmortizedPTRR";
flowVars.EdgemartContainer="SharedApp";
flowVars.WaveDataType = "FlatAmortizedPTRR.json:RELATIVE";
flowVars.runID = server.nanoTime();]]></expression-component>
        <enricher source="#[payload]" target="#[variable:dataSetId]" doc:name="GetDataSetId">
            <sfdc-analytics:create-data-set config-ref="Salesforce_Analytics_Config" operation="OVERWRITE" description="#[flowVars.DataSetName]" label="#[flowVars.DataSetName]" dataSetName="#[flowVars.DataSetName]" type="#[flowVars.WaveDataType]" doc:name="overwriteDataset"/>
        </enricher>
        <set-session-variable variableName="dataSetId" value="#[flowVars.dataSetId]" doc:name="Session Variable"/>
        <flow-ref name="process-db" doc:name="process-db"/>
        <sfdc-analytics:start-data-processing config-ref="Salesforce_Analytics_Config" dataSetId="#[variable:dataSetId]" doc:name="CompleteStartProcessing"/>
        <set-payload value="#['Job Done!!!']" doc:name="JobDone"/>
        <catch-exception-strategy doc:name="Catch Exception Strategy">
            <expression-component doc:name="Expression"><![CDATA[flowVars.mailpayload = 'Unable to upload data. Process failed.';]]></expression-component>
            <set-payload value="#[flowVars.mailpayload]" doc:name="Set Payload"/>
        </catch-exception-strategy>
<!--       <flow-ref name="loadToDB" doc:name="loadToDB"/>
 -->

        



        
        
	</flow>
	
	<flow name="process-db">
        <expression-component doc:name="setThreadInputs"><![CDATA[app.registry['ChunkProcessInfo'].startCounters();

]]></expression-component>
        <db:select config-ref="Generic_Database_Configuration" streaming="true" fetchSize="100000" doc:name="SelectDate">
            <db:parameterized-query><![CDATA[SELECT *
FROM ext.vx_flat_AmortizedPTRR]]></db:parameterized-query>
        </db:select>
        <foreach batchSize="5000" doc:name="For Each">
            <dw:transform-message doc:name="TransformPayload">
                <dw:set-payload><![CDATA[%dw 1.0
%output application/java
---
payload map {
	'Source_System': $.Source_System,
	'Internal_Opportunity_Id': $.Internal_Opportunity_Id,
	'Internal_Opportunity_Line_Id': $.Internal_Opportunity_Line_Id,
	'PriceLine_Id': $.PriceLine_Id,
	'Opportunity_Id': $.Opportunity_Id,
	'Opportunity_Line_Id': $.Opportunity_Line_Id,
	('Amortization_Date':$.Amortization_Date ) when $.Amortization_Date.year  >  1901 and $.Amortization_Date.year  < 9000,
	('Close_Date':$.Close_Date ) when $.Close_Date.year  >  1901 and $.Close_Date.year  < 9000,
	('Effective_Date':$.Effective_Date ) when $.Effective_Date.year  >  1901 and $.Effective_Date.year  < 9000,
	'OCEO_Sales_Market': $.OCEO_Sales_Market,
	'OCEO_Sales_Team':$.OCEO_Sales_Team,
	'OCEO_BU': $.OCEO_BU,
	'OCEO_Renewal_Flag': $.OCEO_Renewal_Flag,
	'Reporting_Year': $.Reporting_Year,
	'Opp_PTRR_Net_Size': $.Opp_PTRR_Net_Size,
	'Optum_Segment': $.Optum_Segment,
	'Report_Disposition': $.Report_Disposition,
	'One_Optum_Stage': $.One_Optum_Stage,
	'Owner_L1_Name': $.Owner_L1_Name,
	'Owner_L2_Name': $.Owner_L2_Name,
	'Normalized_Product_Family':$.Normalized_Product_Family,
	'Normalized_Product_Family_Taxo__c':$.Normalized_Product_Family_Taxo__c,
	'Normalized_Product_Line_Taxo__c':$.Normalized_Product_Line_Taxo__c,
	'Term_In_Months':$.Term_In_Months,
	'PTRR_USD':$.PTRR_USD,
	'Amortized_PTRR_USD':$.Amortized_PTRR_USD,
	'OCEO_OptumRX_BU':$.OCEO_OptumRX_BU,
	'Offer_Type':$.Offer_Type
}]]></dw:set-payload>
            </dw:transform-message>
            <scripting:component doc:name="BreakLoopWhenChunkGetFailed">
                <scripting:script engine="Groovy"><![CDATA[def threadStatus = muleContext.getRegistry().get("ChunkProcessInfo").getThreadsStatus();

if(threadStatus == muleContext.getRegistry().get("ChunkProcessInfo").FAILED){
	throw new java.lang.Exception(flowVars.runID + " Upload process failed. Stoped!!! executing next chunk.");
}
return payload;]]></scripting:script>
            </scripting:component>
            <async doc:name="Async">
                <flow-ref name="upload-wave-dataset" doc:name="upload-wave-dataset"/>
            </async>
        </foreach>
        <scripting:component doc:name="lookForProcessComplete">
            <scripting:script engine="Groovy"><![CDATA[def threadStatus = muleContext.getRegistry().get("ChunkProcessInfo").getThreadsStatus();
sleep(60000);
while(true){
	System.out.println("Process "+threadStatus);
	threadStatus = muleContext.getRegistry().get("ChunkProcessInfo").getThreadsStatus();
	if(threadStatus == muleContext.getRegistry().get("ChunkProcessInfo").COMPLETED){
		System.out.println("All thread "+threadStatus);
		sleep(30000);
		break;
	}
	if(threadStatus == muleContext.getRegistry().get("ChunkProcessInfo").FAILED){
		break;
	}
}
return payload;]]></scripting:script>
        </scripting:component>
        <logger message="Completed upload." level="INFO" doc:name="Logger"/>

    </flow>
    <flow name="upload-wave-dataset" processingStrategy="Asynchronous_Processing_Strategy1">
        <expression-component doc:name="Expression"><![CDATA[[
app.registry['ChunkProcessInfo'].setInputRecordCount(payload.size());
flowVars.batchCounter = app.registry['ChunkProcessInfo'].increment();
flowVars.batchName = app.registry['ChunkProcessInfo'].getThreadName()+payload.size()+'-'+ flowVars.batchCounter;
app.registry['ChunkProcessInfo'].setThreadInputRecord(flowVars.batchName,payload.size());
app.registry['ChunkProcessInfo'].setThreadStatus(flowVars.batchName, app.registry['ChunkProcessInfo'].RUNNING);
]]]></expression-component>
        <logger message="#[flowVars.runID] - Started #[flowVars.batchName]..." level="INFO"  doc:name="StartLog"/>
        <enricher source="#[payload]" target="#[flowVars.reltioResponse]" doc:name="Message Enricher">
            <until-successful maxRetries="10" millisBetweenRetries="20000" synchronous="true" doc:name="Until Successful">
                <sfdc-analytics:upload-external-data config-ref="Salesforce_Analytics_Config" type="#[flowVars.WaveDataType]" dataSetId="#[variable:dataSetId]" doc:name="uploadData">
                    <sfdc-analytics:payload ref="#[payload]"/>
                </sfdc-analytics:upload-external-data>
            </until-successful>
        </enricher>
        <scripting:component doc:name="ThrowException">
            <scripting:script engine="Groovy"><![CDATA[if(flowVars.reltioResponse == false){
	throw new java.lang.Exception(flowVars.runID + " Upload process failed!!");
}
return payload;]]></scripting:script>
        </scripting:component>
        <expression-component doc:name="Expression"><![CDATA[app.registry['ChunkProcessInfo'].setEndTime(new java.util.Date());
app.registry['ChunkProcessInfo'].setThreadSuccessRecord(flowVars.batchName,payload.size());
app.registry['ChunkProcessInfo'].setThreadProcessRecord(flowVars.batchName,payload.size());
app.registry['ChunkProcessInfo'].setThreadStatus(flowVars.batchName,app.registry['ChunkProcessInfo'].COMPLETED);
]]></expression-component>
        <logger message="#[flowVars.runID] - #[flowVars.runID] - Completed: #[flowVars.batchName]" level="INFO" doc:name="EndLog"/>
        <catch-exception-strategy doc:name="Catch Exception Strategy">
            <expression-component doc:name="Expression"><![CDATA[[
app.registry['ChunkProcessInfo'].setThreadFailedRecord(flowVars.batchName,payload.size());
app.registry['ChunkProcessInfo'].setThreadStatus(flowVars.batchName,app.registry['ChunkProcessInfo'].FAILED);
app.registry['ChunkProcessInfo'].setEndTime(new java.util.Date());
app.registry['ChunkProcessInfo'].setThreadProcessRecord(flowVars.batchName,payload.size());
]]]></expression-component>
            <logger message="#[flowVars.runID] - Batch #[flowVars.batchName] Completed with error - Total:#[flowVars.totalRecords]  Successful:#[flowVars.successfulRecords]  Failed:0" level="INFO" doc:name="FailedLog"/>
        </catch-exception-strategy>
    </flow>
    <flow name="ProcessDetails">
        <http:listener config-ref="HTTP_Listener_Configuration" path="/amortizedptrr/upload/info" doc:name="HTTP"/>
        <expression-component doc:name="Expression"><![CDATA[flowVars.inputRecordCount = app.registry['ChunkProcessInfo'].getInputRecordCount();
flowVars.threadsCount = app.registry['ChunkProcessInfo'].getThreadsCount();
flowVars.completedThreadsCount = app.registry['ChunkProcessInfo'].getCompletedThreadsCount();
flowVars.runningThreadsCount = app.registry['ChunkProcessInfo'].getRunningThreadsCount();
flowVars.threadInputRecords = app.registry['ChunkProcessInfo'].getThreadInputRecords();
flowVars.threadProcessRecords = app.registry['ChunkProcessInfo'].getThreadProcessRecords();
flowVars.threadSuccessRecords = app.registry['ChunkProcessInfo'].getThreadSuccessRecords();
flowVars.threadFailedRecords = app.registry['ChunkProcessInfo'].getThreadFailedRecords();
flowVars.threadsStatus = app.registry['ChunkProcessInfo'].getThreadsStatus();
flowVars.threadsDetails= app.registry['ChunkProcessInfo'].getThreadsDetails();
flowVars.processStartTime = app.registry['ChunkProcessInfo'].getStartTime();
flowVars.lastBatchEndTime = app.registry['ChunkProcessInfo'].getEndTime();]]></expression-component>
        <dw:transform-message doc:name="Transform Message">
        <dw:input-payload mimeType="application/java" />
            <dw:set-payload><![CDATA[%dw 1.0
%output application/json
---
{
//	"RecordToProcess":flowVars.inputRecordCount,	
	"ProcessStartTime":flowVars.processStartTime default "",
	"LastBatchEndTime":flowVars.lastBatchEndTime default "",
	"BatchInputRecords":flowVars.threadInputRecords,
	"BatchProcessedRecords": flowVars.threadProcessRecords,
	"BatchSuccessRecords":flowVars.threadSuccessRecords,
	"BatchFailedRecords":flowVars.threadFailedRecords,
	"BatchStatus":flowVars.threadsStatus,
	"BatchCount": flowVars.threadsCount,
	"CompletedBatchCount": flowVars.completedThreadsCount,
	"RunningBatchCount":flowVars.runningThreadsCount,
	"BatchDetails":(flowVars.threadsDetails orderBy $)
}]]></dw:set-payload>
        </dw:transform-message>
    </flow>
</mule>

