<?xml version="1.0" encoding="UTF-8"?>


<mule xmlns:sfdc-analytics="http://www.mulesoft.org/schema/mule/sfdc-analytics"
	xmlns:http="http://www.mulesoft.org/schema/mule/http" xmlns="http://www.mulesoft.org/schema/mule/core"
	xmlns:doc="http://www.mulesoft.org/schema/mule/documentation"
	xmlns:spring="http://www.springframework.org/schema/beans" xmlns:db="http://www.mulesoft.org/schema/mule/db"
	xmlns:sfdc="http://www.mulesoft.org/schema/mule/sfdc" xmlns:smtp="http://www.mulesoft.org/schema/mule/smtp"
	xmlns:context="http://www.springframework.org/schema/context"
	xmlns:core="http://www.mulesoft.org/schema/mule/core" xmlns:xsi="http://www.w3.org/2001/XMLSchema-instance"
	xsi:schemaLocation="http://www.springframework.org/schema/beans http://www.springframework.org/schema/beans/spring-beans-current.xsd
http://www.mulesoft.org/schema/mule/db http://www.mulesoft.org/schema/mule/db/current/mule-db.xsd
http://www.mulesoft.org/schema/mule/sfdc http://www.mulesoft.org/schema/mule/sfdc/current/mule-sfdc.xsd
http://www.mulesoft.org/schema/mule/smtp http://www.mulesoft.org/schema/mule/smtp/current/mule-smtp.xsd
http://www.springframework.org/schema/context http://www.springframework.org/schema/context/spring-context-current.xsd
http://www.mulesoft.org/schema/mule/core http://www.mulesoft.org/schema/mule/core/current/mule.xsd
http://www.mulesoft.org/schema/mule/http http://www.mulesoft.org/schema/mule/http/current/mule-http.xsd
http://www.mulesoft.org/schema/mule/sfdc-analytics http://www.mulesoft.org/schema/mule/sfdc-analytics/current/mule-sfdc-analytics.xsd">
	<sfdc:config name="Salesforce_OI" username="${SFOI.username}"
		password="${SFOI.password}" url="${SFURL}" doc:name="Salesforce: Basic Authentication"
		securityToken="${SFOI.securityToken}" disableSessionInvalidation="true">
		<reconnect count="3" />
	</sfdc:config>
	<sfdc:config name="Salesforce_GO" username="${GOUser}"
		password="${GOPassword}" url="${SFURL}" doc:name="Salesforce: Basic Authentication"
		securityToken="${SFGO.securityToken}" disableSessionInvalidation="true">
		<reconnect count="3" />
	</sfdc:config>
	<spring:beans>
		<spring:bean id="objectGrowthProposal"
			class="org.mule.util.store.SimpleMemoryObjectStore" />
	</spring:beans>
	<spring:beans>
		<spring:bean id="objectStoreOppHierarchy"
			class="org.mule.util.store.SimpleMemoryObjectStore" />
	</spring:beans>
	<spring:beans>
		<spring:bean id="objectStoreClientOverview"
			class="org.mule.util.store.SimpleMemoryObjectStore" />
	</spring:beans>
	<spring:beans>
		<spring:bean id="objectStoreOpp"
			class="org.mule.util.store.SimpleMemoryObjectStore" />
	</spring:beans>
	<spring:beans>
		<spring:bean id="objectStoreOptumNPS"
			class="org.mule.util.store.SimpleMemoryObjectStore" />
	</spring:beans>
	<spring:beans>
		<spring:bean id="objectStoreOptumAccountContacts"
			class="org.mule.util.store.SimpleMemoryObjectStore" />
	</spring:beans>
	<spring:beans>
		<spring:bean id="objectStoreAmortizedPTRR"
			class="org.mule.util.store.SimpleMemoryObjectStore" />
	</spring:beans>
	<spring:beans>
		<context:property-placeholder
			location="classpath:envproperties/${mule.env}.properties" />
	</spring:beans>
	<sfdc-analytics:config name="Salesforce_Analytics_Config"
		username="${salesforce.username}" password="${salesforce.password}"
		securityToken="${salesforce.securityToken}" url="${salesforce.url}"
		metadataFileName="${metadatadummyfilename}" doc:name="Salesforce Analytics Cloud: Basic authentication">
		<reconnect count="10" frequency="3000" />
	</sfdc-analytics:config>

</mule>
